County,2019POP
Hamilton County,367804.0
Hamilton County,367804.0
Marion County,28907.0
Morgan County,21403.0
Morgan County,21403.0
Campbell County,39842.0
Campbell County,39842.0
Campbell County,39842.0
Campbell County,39842.0
Campbell County,39842.0
Monroe County,46545.0
Monroe County,46545.0
Monroe County,46545.0
Monroe County,46545.0
Monroe County,46545.0
Monroe County,46545.0
Monroe County,46545.0
Monroe County,46545.0
Monroe County,46545.0
Monroe County,46545.0
Monroe County,46545.0
Monroe County,46545.0
Monroe County,46545.0
Monroe County,46545.0
Monroe County,46545.0
Monroe County,46545.0
Monroe County,46545.0
Monroe County,46545.0
Monroe County,46545.0
Monroe County,46545.0
Monroe County,46545.0
Bedford County,49713.0
Lauderdale County,25633.0
Lauderdale County,25633.0
Lauderdale County,25633.0
Lauderdale County,25633.0
Lauderdale County,25633.0
Lauderdale County,25633.0
Lauderdale County,25633.0
Lauderdale County,25633.0
Lauderdale County,25633.0
Lauderdale County,25633.0
Loudon County,54068.0
Loudon County,54068.0
Loudon County,54068.0
Loudon County,54068.0
Lake County,7016.0
Lake County,7016.0
Lake County,7016.0
Lake County,7016.0
Lake County,7016.0
Lake County,7016.0
Lake County,7016.0
Lake County,7016.0
Lake County,7016.0
Lake County,7016.0
Lake County,7016.0
Lake County,7016.0
Lake County,7016.0
Lake County,7016.0
Lake County,7016.0
Lake County,7016.0
Lake County,7016.0
Lake County,7016.0
Lake County,7016.0
Lake County,7016.0
Lake County,7016.0
Lake County,7016.0
Lake County,7016.0
Lake County,7016.0
Lake County,7016.0
Lake County,7016.0
Lake County,7016.0
Lake County,7016.0
Lake County,7016.0
Lake County,7016.0
Lake County,7016.0
Lake County,7016.0
Lake County,7016.0
Lake County,7016.0
Lake County,7016.0
Lake County,7016.0
Lake County,7016.0
Lake County,7016.0
Lake County,7016.0
Lake County,7016.0
Lake County,7016.0
Lake County,7016.0
Lake County,7016.0
Lake County,7016.0
Lake County,7016.0
Lake County,7016.0
Lake County,7016.0
Lake County,7016.0
Lake County,7016.0
Lake County,7016.0
Lake County,7016.0
Lake County,7016.0
Lake County,7016.0
Lake County,7016.0
Lake County,7016.0
Lake County,7016.0
Jefferson County,54495.0
Jefferson County,54495.0
Jefferson County,54495.0
Jefferson County,54495.0
Jefferson County,54495.0
Jefferson County,54495.0
Jefferson County,54495.0
Hawkins County,56786.0
Union County,19972.0
Union County,19972.0
Union County,19972.0
Blount County,133088.0
Blount County,133088.0
Blount County,133088.0
Blount County,133088.0
Blount County,133088.0
Blount County,133088.0
Blount County,133088.0
Blount County,133088.0
Blount County,133088.0
Blount County,133088.0
Blount County,133088.0
Blount County,133088.0
Blount County,133088.0
Blount County,133088.0
Blount County,133088.0
Blount County,133088.0
Blount County,133088.0
Blount County,133088.0
Blount County,133088.0
Blount County,133088.0
Sullivan County,158348.0
Washington County,129375.0
McMinn County,53794.0
McMinn County,53794.0
McMinn County,53794.0
McMinn County,53794.0
McMinn County,53794.0
McMinn County,53794.0
McMinn County,53794.0
McMinn County,53794.0
Van Buren County,5872.0
Sequatchie County,15026.0
Roane County,53382.0
Roane County,53382.0
Roane County,53382.0
Roane County,53382.0
Roane County,53382.0
Roane County,53382.0
Roane County,53382.0
Greene County,69069.0
Coffee County,56520.0
Perry County,8076.0
Williamson County,238412.0
Cumberland County,60520.0
Knox County,470313.0
Knox County,470313.0
Knox County,470313.0
Knox County,470313.0
Knox County,470313.0
Knox County,470313.0
Knox County,470313.0
Knox County,470313.0
Knox County,470313.0
Knox County,470313.0
Knox County,470313.0
Knox County,470313.0
Knox County,470313.0
Hancock County,6620.0
Hardin County,25652.0
Hardin County,25652.0
Hardin County,25652.0
Claiborne County,31959.0
Claiborne County,31959.0
Claiborne County,31959.0
Claiborne County,31959.0
Rhea County,33167.0
Rhea County,33167.0
Rhea County,33167.0
Rhea County,33167.0
Rhea County,33167.0
Rhea County,33167.0
Obion County,30069.0
Obion County,30069.0
Obion County,30069.0
Obion County,30069.0
Obion County,30069.0
Obion County,30069.0
Obion County,30069.0
Obion County,30069.0
Obion County,30069.0
Obion County,30069.0
Obion County,30069.0
Obion County,30069.0
Obion County,30069.0
Obion County,30069.0
Obion County,30069.0
Obion County,30069.0
Obion County,30069.0
Obion County,30069.0
Obion County,30069.0
Obion County,30069.0
Obion County,30069.0
Obion County,30069.0
Obion County,30069.0
Grainger County,23320.0
Grainger County,23320.0
Grainger County,23320.0
Grainger County,23320.0
Grainger County,23320.0
Grainger County,23320.0
Grainger County,23320.0
Grainger County,23320.0
Bradley County,108110.0
Bradley County,108110.0
Bradley County,108110.0
Bradley County,108110.0
Bradley County,108110.0
Bradley County,108110.0
Bradley County,108110.0
Bradley County,108110.0
Shelby County,937166.0
Shelby County,937166.0
Meigs County,12422.0
Meigs County,12422.0
Meigs County,12422.0
Meigs County,12422.0
Meigs County,12422.0
Meigs County,12422.0
Meigs County,12422.0
Meigs County,12422.0
Lincoln County,34366.0
Bledsoe County,15064.0
Johnson County,17788.0
Johnson County,17788.0
Johnson County,17788.0
Sevier County,98250.0
Sevier County,98250.0
Sevier County,98250.0
Sevier County,98250.0
Sevier County,98250.0
Sevier County,98250.0
Polk County,16832.0
Polk County,16832.0
Fentress County,18523.0
Franklin County,42208.0
Franklin County,42208.0
Tipton County,61599.0
Tipton County,61599.0
Tipton County,61599.0
Tipton County,61599.0
Tipton County,61599.0
Dyer County,37159.0
Dyer County,37159.0
Dyer County,37159.0
Dyer County,37159.0
Dyer County,37159.0
Dyer County,37159.0
Dyer County,37159.0
Dyer County,37159.0
Dyer County,37159.0
Dyer County,37159.0
Dyer County,37159.0
Dyer County,37159.0
Dyer County,37159.0
Dyer County,37159.0
Dyer County,37159.0
Dyer County,37159.0
Dyer County,37159.0
Dyer County,37159.0
Dyer County,37159.0
Dyer County,37159.0
Dyer County,37159.0
Dyer County,37159.0
Dyer County,37159.0
Dyer County,37159.0
Dyer County,37159.0
Dyer County,37159.0
Dyer County,37159.0
Dyer County,37159.0
Dyer County,37159.0
Dyer County,37159.0
Dyer County,37159.0
Dyer County,37159.0
Dyer County,37159.0
Dyer County,37159.0
Dyer County,37159.0
Dyer County,37159.0
Dyer County,37159.0
Dyer County,37159.0
Dyer County,37159.0
Dyer County,37159.0
Dyer County,37159.0
Dyer County,37159.0
Dyer County,37159.0
Dyer County,37159.0
Gibson County,49133.0
Gibson County,49133.0
Gibson County,49133.0
